Author,Country,Gender,Birth_Year,Language,Fractional_Odds_Denominator,International_Recognition,Translation_Reach,Critical_Recognition,Career_Longevity,Major_Awards,Recent_Attention,Implied_Probability_Raw_%,Market_Share_%
Can Xue,China,Female,1953,Chinese,10,9,10,9,9,9,8,9.090909090909092,13.946402062661148
Anne Carson,Canada,Female,1950,English,10,10,10,10,10,10,8,9.090909090909092,13.946402062661148
Haruki Murakami,Japan,Male,1949,Japanese,14,10,10,10,10,10,8,6.666666666666667,10.227361512618174
Gerald Murnane,Australia,Male,1939,English,16,9,8,9,10,8,7,5.882352941176471,9.024142511133684
Thomas Pynchon,United States,Male,1937,English,16,10,10,9,10,9,6,5.882352941176471,9.024142511133684
Margaret Atwood,Canada,Female,1939,English,20,10,10,10,10,10,8,4.761904761904762,7.305258223298695
Cristina Rivera Garza,Mexico,Female,1964,Spanish,20,9,9,9,8,9,9,4.761904761904762,7.305258223298695
Jamaica Kincaid,Antigua and Barbuda,Female,1949,English,20,9,9,9,10,9,7,4.761904761904762,7.305258223298695
Michel Houellebecq,France,Male,1956,French,20,9,9,9,9,9,7,4.761904761904762,7.305258223298695
Ludmila Ulitskaya,Russia,Female,1943,Russian,20,9,9,9,10,8,7,4.761904761904762,7.305258223298695
Enrique Vila-Matas,Spain,Male,1948,Spanish,20,9,9,9,9,9,7,4.761904761904762,7.305258223298695
